first_name,second_name,goals_scored,assists,total_points,minutes,goals_conceded,clean_sheets,red_cards,yellow_cards,bonus,selected_by_percent,now_cost,id,team,web_name,form,cost,position,team_name,team_abbr
Shkodran,Mustafi,0,1,4,90,2,0,0,0,0,0.3,52,1,1,Mustafi,1.0,5.2,DEF,Arsenal,ARS
Héctor,Bellerín,0,0,1,262,6,0,0,2,0,0.3,54,2,1,Bellerín,0.2,5.4,DEF,Arsenal,ARS
Sead,Kolasinac,0,1,22,828,13,1,0,2,1,0.7,52,3,1,Kolasinac,1.0,5.2,DEF,Arsenal,ARS
Ainsley,Maitland-Niles,0,2,17,490,10,1,1,0,3,2.8,46,4,1,Maitland-Niles,0.0,4.6,DEF,Arsenal,ARS
Sokratis,Papastathopoulos,1,0,31,1170,19,2,0,4,2,1.7,49,5,1,Sokratis,0.0,4.9,DEF,Arsenal,ARS
Nacho,Monreal,0,0,10,270,4,1,0,0,1,0.3,50,6,1,Monreal,0.0,5.0,DEF,Arsenal,ARS
Laurent,Koscielny,0,0,0,0,0,0,0,0,0,0.1,50,7,1,Koscielny,0.0,5.0,DEF,Arsenal,ARS
Konstantinos,Mavropanos,0,0,0,0,0,0,0,0,0,0.0,44,8,1,Mavropanos,0.0,4.4,DEF,Arsenal,ARS
Carl,Jenkinson,0,0,0,0,0,0,0,0,0,0.0,45,9,1,Jenkinson,0.0,4.5,DEF,Arsenal,ARS
Rob,Holding,0,0,1,76,2,0,0,0,0,0.1,45,10,1,Holding,0.2,4.5,DEF,Arsenal,ARS
Pierre-Emerick,Aubameyang,10,2,89,1350,23,2,0,2,15,23.3,109,11,1,Aubameyang,5.5,10.9,FWD,Arsenal,ARS
Alexandre,Lacazette,5,2,47,661,12,0,0,2,6,2.4,93,12,1,Lacazette,5.8,9.3,FWD,Arsenal,ARS
Edward,Nketiah,0,0,0,0,0,0,0,0,0,0.7,43,13,1,Nketiah,0.0,4.3,FWD,Arsenal,ARS
Bernd,Leno,0,0,51,1350,23,2,0,2,3,5.9,50,14,1,Leno,4.2,5.0,GKP,Arsenal,ARS
Mesut,Özil,0,2,19,518,10,0,0,0,1,0.9,72,15,1,Özil,3.8,7.2,MID,Arsenal,ARS
Henrikh,Mkhitaryan,0,0,4,110,0,1,0,1,0,0.8,68,16,1,Mkhitaryan,0.0,6.8,MID,Arsenal,ARS
Granit,Xhaka,0,1,23,919,17,2,0,4,0,0.7,52,18,1,Xhaka,1.0,5.2,MID,Arsenal,ARS
Lucas,Torreira,1,0,22,543,10,1,0,1,0,1.2,47,19,1,Torreira,1.5,4.7,MID,Arsenal,ARS
Mohamed,Elneny,0,0,0,0,0,0,0,0,0,0.9,43,20,1,Elneny,0.0,4.3,MID,Arsenal,ARS
Matteo,Guendouzi,0,2,34,1218,20,2,0,4,2,8.6,46,21,1,Guendouzi,1.2,4.6,MID,Arsenal,ARS
David,Luiz Moreira Marinho,2,0,35,1260,23,1,0,3,3,5.4,58,106,1,David Luiz,0.8,5.8,DEF,Arsenal,ARS
Emiliano,Martínez,0,0,0,0,0,0,0,0,0,0.3,44,427,1,Martínez,0.0,4.4,GKP,Arsenal,ARS
Calum,Chambers,1,0,27,810,11,2,0,4,2,1.5,44,467,1,Chambers,0.5,4.4,DEF,Arsenal,ARS
Daniel,Ceballos Fernández,0,2,27,659,10,1,0,0,3,3.8,53,469,1,Ceballos,0.0,5.3,MID,Arsenal,ARS
Nicolas,Pépé,1,2,33,829,15,1,0,2,2,2.3,91,488,1,Pépé,0.5,9.1,MID,Arsenal,ARS
Reiss,Nelson,0,0,5,150,2,1,0,1,0,0.1,53,489,1,Nelson,0.0,5.3,MID,Arsenal,ARS
Joseph,Willock,0,0,17,482,9,1,0,0,0,0.2,49,490,1,Willock,1.2,4.9,MID,Arsenal,ARS
Gabriel Teodoro,Martinelli Silva,0,1,9,96,2,0,0,1,0,1.5,45,504,1,Martinelli,1.5,4.5,FWD,Arsenal,ARS
Kieran,Tierney,0,0,4,268,6,0,0,1,0,0.8,54,515,1,Tierney,0.2,5.4,DEF,Arsenal,ARS
Bukayo,Saka,0,1,13,354,4,1,0,1,0,0.7,45,541,1,Saka,0.2,4.5,MID,Arsenal,ARS
Ahmed,El Mohamady,0,1,13,341,11,0,0,0,5,0.9,42,22,2,El Mohamady,1.5,4.2,DEF,Aston Villa,AVL
James,Chester,0,0,0,0,0,0,0,0,0,0.1,43,23,2,Chester,0.0,4.3,DEF,Aston Villa,AVL
Neil,Taylor,0,0,17,613,12,2,0,1,0,0.3,44,24,2,Taylor,0.2,4.4,DEF,Aston Villa,AVL
Kortney,Hause,0,0,0,0,0,0,0,0,0,0.1,44,25,2,Hause,0.0,4.4,DEF,Aston Villa,AVL
Jonathan,Kodjia,0,0,2,20,4,0,0,0,0,0.1,54,26,2,Kodjia,0.0,5.4,FWD,Aston Villa,AVL
Ørjan,Nyland,0,0,2,82,2,0,0,0,0,0.2,43,27,2,Nyland,0.5,4.3,GKP,Aston Villa,AVL
Conor,Hourihane,2,2,36,578,11,2,0,2,4,0.2,57,28,2,Hourihane,4.2,5.7,MID,Aston Villa,AVL
Jack,Grealish,3,4,60,1163,20,3,0,3,7,5.3,60,29,2,Grealish,4.2,6.0,MID,Aston Villa,AVL
Anwar,El Ghazi,3,4,52,852,14,3,0,1,0,1.2,55,30,2,El Ghazi,3.5,5.5,MID,Aston Villa,AVL
John,McGinn,3,2,57,1350,24,3,0,1,4,10.2,58,31,2,McGinn,2.2,5.8,MID,Aston Villa,AVL
Andre,Green,0,0,0,0,0,0,0,0,0,0.0,49,32,2,Green,0.0,4.9,MID,Aston Villa,AVL
Birkir,Bjarnason,0,0,0,0,0,0,0,0,0,0.0,45,33,2,Bjarnason,0.0,4.5,MID,Aston Villa,AVL
Keinan,Davis,0,0,6,74,1,0,0,0,0,0.2,44,34,2,Davis,0.0,4.4,MID,Aston Villa,AVL
Henri,Lansbury,0,0,5,40,1,0,0,0,0,0.5,44,35,2,Lansbury,0.8,4.4,MID,Aston Villa,AVL
José Ignacio,Peleteiro Romallo,0,1,13,259,3,2,0,0,0,0.1,58,36,2,Jota,0.2,5.8,MID,Aston Villa,AVL
Tom,Heaton,0,0,41,1260,22,3,0,0,0,5.3,45,94,2,Heaton,2.5,4.5,GKP,Aston Villa,AVL
Matt,Targett,1,2,41,736,12,2,0,1,9,1.0,44,309,2,Targett,3.8,4.4,DEF,Aston Villa,AVL
Wesley,Moraes,4,1,53,1284,20,4,0,1,7,1.9,58,428,2,Wesley,1.8,5.8,FWD,Aston Villa,AVL
Jed,Steer,0,0,1,7,0,0,0,0,0,0.1,44,429,2,Steer,0.2,4.4,GKP,Aston Villa,AVL
Tyrone,Mings,1,1,43,1350,24,3,0,2,3,5.1,45,445,2,Mings,3.5,4.5,DEF,Aston Villa,AVL
Ezri,Konsa Ngoyo,0,0,10,375,7,1,0,0,0,0.1,43,452,2,Konsa,2.2,4.3,DEF,Aston Villa,AVL
Bjorn,Engels,0,0,31,974,17,3,0,1,4,0.7,45,455,2,Engels,0.0,4.5,DEF,Aston Villa,AVL
Frédéric,Guilbert,0,2,38,1052,15,4,0,5,2,0.8,44,458,2,Guilbert,2.0,4.4,DEF,Aston Villa,AVL
Mahmoud Ahmed,Ibrahim Hassan,3,1,37,839,17,1,1,2,2,1.5,52,465,2,Trézéguet,4.5,5.2,MID,Aston Villa,AVL
Douglas Luiz,Soares de Paulo,2,0,36,757,12,4,0,1,2,3.9,45,470,2,Douglas Luiz,2.0,4.5,MID,Aston Villa,AVL
Lovre,Kalinic,0,0,0,0,0,0,0,0,0,0.1,44,474,2,Kalinic,0.0,4.4,GKP,Aston Villa,AVL
Marvelous,Nakamba,0,0,18,772,15,1,0,1,0,1.1,44,491,2,Nakamba,0.8,4.4,MID,Aston Villa,AVL
Steve,Cook,1,0,43,1260,20,3,0,2,5,0.4,50,58,3,Steve Cook,2.8,5.0,DEF,Bournemouth,BOU
Nathan,Aké,1,1,49,1350,21,3,0,1,5,13.4,50,59,3,Aké,1.2,5.0,DEF,Bournemouth,BOU
Charlie,Daniels,0,0,3,126,2,0,0,0,0,0.1,43,60,3,Daniels,0.0,4.3,DEF,Bournemouth,BOU
Chris,Mepham,1,0,15,361,8,0,0,0,2,0.8,43,61,3,Mepham,0.5,4.3,DEF,Bournemouth,BOU
Simon,Francis,0,0,1,98,3,0,1,0,0,0.0,44,62,3,Francis,-0.2,4.4,DEF,Bournemouth,BOU
Adam,Smith,0,1,32,837,12,3,0,2,3,0.9,43,63,3,Adam Smith,1.0,4.3,DEF,Bournemouth,BOU
Lloyd,Kelly,0,0,0,0,0,0,0,0,0,0.1,44,64,3,Kelly,0.0,4.4,DEF,Bournemouth,BOU
Diego,Rico,0,2,43,1028,13,4,0,4,5,13.6,43,65,3,Rico,2.5,4.3,DEF,Bournemouth,BOU
Jack,Simpson,0,0,0,0,0,0,0,0,0,6.5,39,66,3,Simpson,0.0,3.9,DEF,Bournemouth,BOU
Callum,Wilson,5,3,60,1310,21,3,0,3,4,6.7,76,67,3,Callum Wilson,2.0,7.6,FWD,Bournemouth,BOU
Joshua,King,3,3,50,1006,15,2,0,0,6,4.7,62,68,3,King,0.5,6.2,FWD,Bournemouth,BOU
Dominic,Solanke,0,0,19,661,10,1,0,1,0,0.3,52,69,3,Solanke,1.0,5.2,FWD,Bournemouth,BOU
Sam,Surridge,0,0,0,0,0,0,0,0,0,0.5,43,71,3,Surridge,0.0,4.3,FWD,Bournemouth,BOU
Asmir,Begovic,0,0,0,0,0,0,0,0,0,0.9,42,72,3,Begovic,0.0,4.2,GKP,Bournemouth,BOU
Artur,Boruc,0,0,0,0,0,0,0,0,0,0.3,43,73,3,Boruc,0.0,4.3,GKP,Bournemouth,BOU
Mark,Travers,0,0,0,0,0,0,0,0,0,0.2,43,74,3,Travers,0.0,4.3,GKP,Bournemouth,BOU
Ryan,Fraser,1,3,41,985,15,3,0,2,2,3.1,69,75,3,Fraser,3.2,6.9,MID,Bournemouth,BOU
David,Brooks,0,0,0,0,0,0,0,0,0,0.1,63,76,3,Brooks,0.0,6.3,MID,Bournemouth,BOU
Junior,Stanislas,0,0,0,0,0,0,0,0,0,0.0,59,77,3,Stanislas,0.0,5.9,MID,Bournemouth,BOU
Jordon,Ibe,0,0,2,48,1,0,0,0,0,0.2,47,78,3,Ibe,0.0,4.7,MID,Bournemouth,BOU
Lewis,Cook,0,1,18,430,8,1,0,0,0,0.0,50,79,3,Lewis Cook,2.5,5.0,MID,Bournemouth,BOU
Andrew,Surman,0,0,3,57,1,0,0,0,0,0.0,47,80,3,Surman,0.0,4.7,MID,Bournemouth,BOU
Dan,Gosling,0,0,2,30,0,0,0,0,0,0.0,49,81,3,Gosling,0.5,4.9,MID,Bournemouth,BOU
Jefferson,Lerma,0,0,19,1048,16,2,0,7,0,0.1,48,82,3,Lerma,0.8,4.8,MID,Bournemouth,BOU
Jack,Stacey,0,0,6,436,8,0,0,2,0,0.1,43,446,3,Stacey,0.2,4.3,DEF,Bournemouth,BOU
Philip,Billing,0,1,26,1159,17,3,0,6,0,0.1,50,476,3,Billing,0.8,5.0,MID,Bournemouth,BOU
Arnaut,Danjuma Groeneveld,0,1,16,315,3,2,0,0,0,0.0,58,492,3,Danjuma,2.5,5.8,MID,Bournemouth,BOU
Aaron,Ramsdale,0,1,57,1350,21,3,0,0,7,4.1,46,494,3,Ramsdale,2.2,4.6,GKP,Bournemouth,BOU
Harry,Wilson,6,0,59,873,16,2,0,1,5,3.5,60,505,3,Harry Wilson,6.2,6.0,MID,Bournemouth,BOU
Christian,Saydee,0,0,0,0,0,0,0,0,0,0.0,45,564,3,Saydee,0.0,4.5,MID,Bournemouth,BOU
Gavin,Kilkenny,0,0,0,0,0,0,0,0,0,0.0,45,565,3,Kilkenny,0.0,4.5,MID,Bournemouth,BOU
Shane,Duffy,1,0,22,616,10,1,0,0,0,1.1,49,37,4,Duffy,0.8,4.9,DEF,Brighton,BHA
Martín,Montoya,0,1,39,1057,16,4,0,3,3,0.7,45,38,4,Montoya,0.8,4.5,DEF,Brighton,BHA
Bernardo,Fernandes da Silva Junior,0,0,2,67,3,0,0,0,0,0.1,43,39,4,Bernardo,0.0,4.3,DEF,Brighton,BHA
Leon,Balogun,0,0,0,0,0,0,0,0,0,0.1,44,40,4,Balogun,0.0,4.4,DEF,Brighton,BHA
Gaëtan,Bong,0,0,3,57,3,0,0,0,0,0.1,43,41,4,Bong,0.0,4.3,DEF,Brighton,BHA
Lewis,Dunk,2,2,58,1260,20,4,0,5,9,11.7,46,42,4,Dunk,4.0,4.6,DEF,Brighton,BHA
Matthew,Clarke,0,0,0,0,0,0,0,0,0,0.0,44,43,4,Clarke,0.0,4.4,DEF,Brighton,BHA
Glenn,Murray,0,0,13,328,4,2,0,0,0,0.8,55,44,4,Murray,0.5,5.5,FWD,Brighton,BHA
Jürgen,Locadia,0,0,3,85,1,1,0,0,0,0.1,52,45,4,Locadia,0.0,5.2,FWD,Brighton,BHA
Florin,Andone,1,0,5,71,2,0,1,0,1,0.4,48,46,4,Andone,0.0,4.8,FWD,Brighton,BHA
Mathew,Ryan,0,0,63,1350,22,4,0,0,11,17.2,48,47,4,Ryan,3.8,4.8,GKP,Brighton,BHA
David,Button,0,0,0,0,0,0,0,0,0,21.6,40,48,4,Button,0.0,4.0,GKP,Brighton,BHA
Pascal,Groß,1,3,42,947,13,3,0,1,2,0.6,64,49,4,Groß,1.8,6.4,MID,Brighton,BHA
Alireza,Jahanbakhsh,0,0,0,0,0,0,0,0,0,0.1,58,50,4,Jahanbakhsh,0.0,5.8,MID,Brighton,BHA
José Heriberto,Izquierdo Mena,0,0,0,0,0,0,0,0,0,0.0,54,51,4,Izquierdo,0.0,5.4,MID,Brighton,BHA
Anthony,Knockaert,0,0,0,0,0,0,0,0,0,0.0,54,52,4,Knockaert,0.0,5.4,MID,Brighton,BHA
Yves,Bissouma,0,0,6,144,3,0,0,0,0,0.0,50,53,4,Bissouma,0.8,5.0,MID,Brighton,BHA
Davy,Pröpper,0,1,28,1170,20,3,0,2,0,0.4,49,54,4,Pröpper,1.2,4.9,MID,Brighton,BHA
Solomon,March,0,1,21,598,10,2,0,1,3,0.3,47,55,4,March,0.8,4.7,MID,Brighton,BHA
Beram,Kayal,0,0,0,0,0,0,0,0,0,0.3,43,56,4,Kayal,0.0,4.3,MID,Brighton,BHA
Dale,Stephens,0,0,30,1322,20,4,0,4,0,2.4,44,57,4,Stephens,1.5,4.4,MID,Brighton,BHA
Leandro,Trossard,2,3,34,483,11,0,0,0,2,0.3,58,421,4,Trossard,2.0,5.8,MID,Brighton,BHA
Dan,Burn,0,0,36,1350,22,4,0,1,0,0.3,45,475,4,Burn,1.0,4.5,DEF,Brighton,BHA
Adam,Webster,2,0,32,935,16,2,0,2,2,0.2,44,493,4,Webster,2.2,4.4,DEF,Brighton,BHA
Neal,Maupay,5,0,56,1064,15,4,0,1,10,0.9,58,502,4,Maupay,3.5,5.8,FWD,Brighton,BHA
Aaron,Mooy,0,1,20,542,9,2,1,0,3,0.2,48,516,4,Mooy,3.0,4.8,MID,Brighton,BHA
Aaron,Connolly,2,2,33,558,11,2,0,0,3,2.4,47,534,4,Connolly,1.2,4.7,FWD,Brighton,BHA
Tudor,Baluta,0,0,0,0,0,0,0,0,0,0.2,40,536,4,Baluta,0.0,4.0,DEF,Brighton,BHA
Steven,Alzate,0,0,18,654,9,3,0,1,0,0.1,45,537,4,Alzate,1.2,4.5,MID,Brighton,BHA
Ezequiel,Schelotto,0,0,3,41,2,0,0,0,0,0.4,40,546,4,Schelotto,0.2,4.0,DEF,Brighton,BHA
Ben,Mee,0,0,38,1350,24,5,0,2,0,0.9,50,83,5,Mee,2.8,5.0,DEF,Burnley,BUR
James,Tarkowski,1,2,57,1350,24,5,0,4,9,3.7,51,84,5,Tarkowski,7.5,5.1,DEF,Burnley,BUR
Matthew,Lowton,0,1,29,990,18,3,0,1,0,0.7,45,85,5,Lowton,0.0,4.5,DEF,Burnley,BUR
Phil,Bardsley,0,0,12,360,6,2,0,1,0,0.2,43,86,5,Bardsley,3.0,4.3,DEF,Burnley,BUR
Charlie,Taylor,0,0,15,295,0,2,0,0,0,0.9,42,87,5,Taylor,3.2,4.2,DEF,Burnley,BUR
Kevin,Long,0,0,0,0,0,0,0,0,0,0.1,43,88,5,Long,0.0,4.3,DEF,Burnley,BUR
Ben,Gibson,0,0,0,0,0,0,0,0,0,2.7,39,89,5,Gibson,0.0,3.9,DEF,Burnley,BUR
Ashley,Barnes,6,0,54,1058,17,6,0,3,6,4.1,63,90,5,Barnes,4.2,6.3,FWD,Burnley,BUR
Chris,Wood,6,0,51,1067,14,5,0,1,5,1.2,62,91,5,Wood,4.0,6.2,FWD,Burnley,BUR
Matej,Vydra,0,1,7,58,0,0,0,0,0,0.1,53,92,5,Vydra,0.0,5.3,FWD,Burnley,BUR
Nick,Pope,0,0,56,1350,24,5,0,0,6,15.0,47,93,5,Pope,5.0,4.7,GKP,Burnley,BUR
Joe,Hart,0,0,0,0,0,0,0,0,0,1.2,43,95,5,Hart,0.0,4.3,GKP,Burnley,BUR
Johann Berg,Gudmundsson,1,0,17,309,2,3,0,0,1,0.5,59,96,5,Gudmundsson,0.0,5.9,MID,Burnley,BUR
Dwight,McNeil,1,5,55,1278,22,6,0,1,1,0.9,60,97,5,McNeil,3.0,6.0,MID,Burnley,BUR
Robbie,Brady,1,2,20,201,3,0,0,1,0,0.0,55,98,5,Brady,2.2,5.5,MID,Burnley,BUR
Steven,Defour,0,0,0,0,0,0,0,0,0,0.0,55,99,5,Defour,0.0,5.5,MID,Burnley,BUR
Jeff,Hendrick,2,1,39,928,18,4,0,4,4,0.1,54,100,5,Hendrick,3.0,5.4,MID,Burnley,BUR
Ashley,Westwood,0,3,37,1170,18,5,0,5,2,0.4,54,101,5,Westwood,1.8,5.4,MID,Burnley,BUR
Jack,Cork,0,0,29,1112,21,4,0,0,0,0.2,50,102,5,Cork,2.5,5.0,MID,Burnley,BUR
Daniel,Drinkwater,0,0,1,58,2,0,0,0,0,0.7,44,120,5,Drinkwater,0.2,4.4,MID,Burnley,BUR
Aaron,Lennon,0,0,10,341,11,0,0,2,0,0.1,47,430,5,Lennon,0.8,4.7,MID,Burnley,BUR
Erik,Pieters,0,3,34,1053,24,2,0,1,5,7.2,45,447,5,Pieters,0.0,4.5,DEF,Burnley,BUR
Jay,Rodriguez,2,0,25,493,16,0,0,1,0,0.2,57,451,5,Rodriguez,1.0,5.7,FWD,Burnley,BUR
Bailey,Peacock-Farrell,0,0,0,0,0,0,0,0,0,0.1,44,495,5,Peacock-Farrell,0.0,4.4,GKP,Burnley,BUR
Marcos,Alonso,1,2,36,498,4,3,0,3,3,2.7,60,103,6,Alonso,0.0,6.0,DEF,Chelsea,CHE
Antonio,Rüdiger,0,0,1,45,0,0,0,0,0,0.1,60,104,6,Rüdiger,0.0,6.0,DEF,Chelsea,CHE
César,Azpilicueta,0,2,33,1170,20,2,0,0,1,5.3,58,105,6,Azpilicueta,0.8,5.8,DEF,Chelsea,CHE
Emerson,Palmieri dos Santos,0,0,14,702,14,1,0,1,0,0.9,55,107,6,Emerson,1.8,5.5,DEF,Chelsea,CHE
Andreas,Christensen,0,0,10,581,12,1,0,2,0,0.6,49,108,6,Christensen,0.5,4.9,DEF,Chelsea,CHE
Davide,Zappacosta,0,0,0,0,0,0,0,0,0,0.2,43,109,6,Zappacosta,0.0,4.3,DEF,Chelsea,CHE
Olivier,Giroud,0,0,7,190,5,1,0,0,0,1.1,66,110,6,Giroud,0.5,6.6,FWD,Chelsea,CHE
Kepa,Arrizabalaga,0,0,38,1350,21,3,0,0,0,5.9,55,111,6,Kepa,3.0,5.5,GKP,Chelsea,CHE
Willy,Caballero,0,0,0,0,0,0,0,0,0,0.2,48,112,6,Caballero,0.0,4.8,GKP,Chelsea,CHE
Willian,Borges Da Silva,2,3,54,963,10,4,0,2,9,2.5,71,113,6,Willian,3.0,7.1,MID,Chelsea,CHE
Pedro,Rodríguez Ledesma,0,0,9,304,6,1,0,0,0,1.2,68,114,6,Pedro,0.5,6.8,MID,Chelsea,CHE
Ruben,Loftus-Cheek,0,0,0,0,0,0,0,0,0,0.1,63,115,6,Loftus-Cheek,0.0,6.3,MID,Chelsea,CHE
Callum,Hudson-Odoi,0,3,22,254,3,1,0,1,3,0.8,56,116,6,Hudson-Odoi,0.8,5.6,MID,Chelsea,CHE
Ross,Barkley,0,0,9,335,5,1,0,0,0,1.3,56,117,6,Barkley,0.0,5.6,MID,Chelsea,CHE
Jorge Luiz,Frello Filho,1,3,42,1088,19,2,0,6,5,4.0,51,118,6,Jorginho,1.0,5.1,MID,Chelsea,CHE
N'Golo,Kanté,3,0,31,584,8,1,0,1,2,4.7,50,119,6,Kanté,3.5,5.0,MID,Chelsea,CHE
Ethan,Ampadu,0,0,0,0,0,0,0,0,0,0.0,44,121,6,Ampadu,0.0,4.4,MID,Chelsea,CHE
Christian,Pulisic,5,3,61,827,15,1,0,0,5,15.0,75,431,6,Pulisic,3.5,7.5,MID,Chelsea,CHE
Mateo,Kovacic,0,2,32,1059,17,1,0,3,2,1.0,53,432,6,Kovacic,3.0,5.3,MID,Chelsea,CHE
Kurt,Zouma,0,0,25,1173,19,2,0,1,1,1.9,47,459,6,Zouma,2.8,4.7,DEF,Chelsea,CHE
Tammy,Abraham,11,3,95,1041,14,4,0,2,19,33.1,79,460,6,Abraham,5.5,7.9,FWD,Chelsea,CHE
Michy,Batshuayi,1,2,20,88,2,0,0,0,1,0.9,66,461,6,Batshuayi,1.5,6.6,FWD,Chelsea,CHE
Robert Kenedy,Nunes do Nascimento,0,0,0,0,0,0,0,0,0,0.0,53,462,6,Kenedy,0.0,5.3,MID,Chelsea,CHE
Mason,Mount,5,2,67,1234,19,3,0,2,6,27.7,66,463,6,Mount,3.0,6.6,MID,Chelsea,CHE
Reece,James,0,1,17,330,4,1,0,0,1,0.3,50,506,6,James,3.8,5.0,DEF,Chelsea,CHE
Fikayo,Tomori,1,0,39,990,13,3,0,2,6,8.7,49,529,6,Tomori,3.0,4.9,DEF,Chelsea,CHE
Billy,Gilmour,0,0,2,9,1,0,0,0,0,0.0,45,533,6,Gilmour,0.2,4.5,MID,Chelsea,CHE
Addji Keaninkin Marc-Israel,Guehi,0,0,0,0,0,0,0,0,0,0.1,40,545,6,Guehi,0.0,4.0,DEF,Chelsea,CHE
Patrick,van Aanholt,2,0,51,1288,18,4,0,0,3,9.8,56,123,7,van Aanholt,2.2,5.6,DEF,Crystal Palace,CRY
James,Tomkins,0,0,18,622,10,2,0,1,2,0.1,50,124,7,Tomkins,4.0,5.0,DEF,Crystal Palace,CRY
Mamadou,Sakho,0,0,2,240,5,0,1,0,0,0.1,50,125,7,Sakho,-0.2,5.0,DEF,Crystal Palace,CRY
Joel,Ward,0,1,38,1102,15,3,0,2,5,2.0,44,126,7,Ward,0.8,4.4,DEF,Crystal Palace,CRY
Scott,Dann,0,1,13,245,1,1,0,0,0,0.2,43,127,7,Dann,1.0,4.3,DEF,Crystal Palace,CRY
Martin,Kelly,0,1,42,774,6,5,0,0,2,25.4,41,128,7,Kelly,3.2,4.1,DEF,Crystal Palace,CRY
Christian,Benteke,0,0,13,289,5,1,0,1,0,0.6,57,129,7,Benteke,0.5,5.7,FWD,Crystal Palace,CRY
Connor,Wickham,0,0,2,15,0,0,0,0,0,2.5,45,130,7,Wickham,0.0,4.5,FWD,Crystal Palace,CRY
Vicente,Guaita,0,0,51,1170,14,5,0,1,4,1.1,50,131,7,Guaita,4.8,5.0,GKP,Crystal Palace,CRY
Wayne,Hennessey,0,0,6,180,4,0,0,0,0,0.6,43,132,7,Hennessey,0.0,4.3,GKP,Crystal Palace,CRY
Wilfried,Zaha,2,2,50,1285,18,4,0,2,3,11.3,67,133,7,Zaha,5.5,6.7,MID,Crystal Palace,CRY
Luka,Milivojevic,2,0,42,1245,17,5,0,7,6,2.5,67,134,7,Milivojevic,2.2,6.7,MID,Crystal Palace,CRY
Andros,Townsend,1,1,30,706,12,2,0,0,0,1.3,56,135,7,Townsend,2.8,5.6,MID,Crystal Palace,CRY
Max,Meyer,0,0,6,171,2,1,0,1,0,0.1,52,136,7,Meyer,0.0,5.2,MID,Crystal Palace,CRY
Jeffrey,Schlupp,2,1,39,811,12,4,0,2,3,0.2,55,137,7,Schlupp,4.5,5.5,MID,Crystal Palace,CRY
James,McArthur,0,3,43,1197,11,6,0,2,2,0.7,52,138,7,McArthur,3.0,5.2,MID,Crystal Palace,CRY
Cheikhou,Kouyaté,0,1,33,1081,14,5,0,1,0,0.2,49,139,7,Kouyaté,2.5,4.9,MID,Crystal Palace,CRY
Luke,Dreher,0,0,0,0,0,0,0,0,0,0.1,44,140,7,Dreher,0.0,4.4,MID,Crystal Palace,CRY
James,McCarthy,0,0,8,205,4,0,0,3,0,0.6,44,157,7,McCarthy,0.0,4.4,MID,Crystal Palace,CRY
Jordan,Ayew,4,0,52,1122,13,7,0,3,11,7.8,51,468,7,Ayew,2.0,5.1,FWD,Crystal Palace,CRY
Gary,Cahill,0,0,23,990,17,2,0,1,1,1.6,45,503,7,Cahill,0.5,4.5,DEF,Crystal Palace,CRY
Víctor,Camarasa,0,0,1,5,0,0,0,0,0,0.2,46,510,7,Camarasa,0.0,4.6,MID,Crystal Palace,CRY
Jairo,Riedewald,0,0,0,0,0,0,0,0,0,0.0,45,539,7,Riedewald,0.0,4.5,MID,Crystal Palace,CRY
Stephen,Henderson,0,0,0,0,0,0,0,0,0,0.2,40,556,7,Henderson,0.0,4.0,GKP,Crystal Palace,CRY
Alex,Iwobi,1,0,30,849,19,1,0,0,2,1.2,57,17,8,Iwobi,1.5,5.7,MID,Everton,EVE
Lucas,Digne,0,3,42,1332,27,3,0,1,4,14.4,58,141,8,Digne,1.0,5.8,DEF,Everton,EVE
Yerry,Mina,0,0,32,1260,24,3,0,1,4,2.3,53,142,8,Mina,1.0,5.3,DEF,Everton,EVE
Michael,Keane,1,0,37,1081,23,3,0,0,3,2.3,53,143,8,Keane,2.0,5.3,DEF,Everton,EVE
Seamus,Coleman,0,1,19,689,13,2,1,3,2,1.3,53,144,8,Coleman,0.0,5.3,DEF,Everton,EVE
Leighton,Baines,0,0,0,0,0,0,0,0,0,0.1,49,145,8,Baines,0.0,4.9,DEF,Everton,EVE
Cenk,Tosun,1,0,10,220,4,0,0,0,0,0.1,57,146,8,Tosun,1.0,5.7,FWD,Everton,EVE
Dominic,Calvert-Lewin,3,0,33,677,16,2,0,1,2,0.9,57,147,8,Calvert-Lewin,1.2,5.7,FWD,Everton,EVE
Jordan,Pickford,0,0,41,1350,27,3,0,0,2,7.6,54,148,8,Pickford,1.5,5.4,GKP,Everton,EVE
Maarten,Stekelenburg,0,0,0,0,0,0,0,0,0,8.4,40,149,8,Stekelenburg,0.0,4.0,GKP,Everton,EVE
Richarlison,de Andrade,5,3,72,1297,26,3,0,2,7,6.4,78,150,8,Richarlison,6.5,7.8,MID,Everton,EVE
Gylfi,Sigurdsson,1,1,36,1056,22,2,0,1,0,2.9,74,151,8,Sigurdsson,1.8,7.4,MID,Everton,EVE
Bernard,Anício Caldeira Duarte,2,1,32,502,6,3,0,2,5,0.6,64,152,8,Bernard,1.0,6.4,MID,Everton,EVE
Theo,Walcott,0,1,18,434,6,1,0,1,0,0.4,62,153,8,Walcott,1.0,6.2,MID,Everton,EVE
Tom,Davies,1,0,23,623,14,1,0,2,3,0.2,53,154,8,Davies,3.8,5.3,MID,Everton,EVE
Ademola,Lookman,0,0,0,0,0,0,0,0,0,0.0,50,155,8,Lookman,0.0,5.0,MID,Everton,EVE
Idrissa,Gueye,0,0,0,0,0,0,0,0,0,0.0,50,156,8,Gueye,0.0,5.0,MID,Everton,EVE
Morgan,Schneiderlin,0,0,11,647,13,1,1,3,0,0.8,44,158,8,Schneiderlin,1.0,4.4,MID,Everton,EVE
Fabian,Delph,0,0,6,558,14,0,0,2,0,0.2,53,205,8,Delph,0.0,5.3,DEF,Everton,EVE
André Filipe,Tavares Gomes,0,0,13,584,8,2,0,3,0,0.3,53,422,8,André Gomes,0.0,5.3,MID,Everton,EVE
Lewis,Gibson,0,0,0,0,0,0,0,0,0,0.1,43,477,8,Gibson,0.0,4.3,DEF,Everton,EVE
Mason,Holgate,0,2,14,558,14,0,0,2,1,0.2,44,478,8,Holgate,1.8,4.4,DEF,Everton,EVE
Jonas,Lössl,0,0,0,0,0,0,0,0,0,0.3,43,479,8,Lössl,0.0,4.3,GKP,Everton,EVE
Moise,Kean,0,1,16,329,9,0,0,0,0,1.5,64,496,8,Kean,0.5,6.4,FWD,Everton,EVE
Jean-Philippe,Gbamin,0,0,4,135,0,1,0,0,0,0.0,48,497,8,Gbamin,0.0,4.8,MID,Everton,EVE
Djibril,Sidibé,0,2,22,580,12,1,0,2,3,0.2,53,511,8,Sidibé,2.5,5.3,DEF,Everton,EVE
Beni,Baningime,0,0,0,0,0,0,0,0,0,0.0,45,557,8,Baningime,0.0,4.5,MID,Everton,EVE
Anthony,Gordon,0,0,0,0,0,0,0,0,0,0.0,45,561,8,Gordon,0.0,4.5,FWD,Everton,EVE
Ricardo Domingos,Barbosa Pereira,2,1,82,1350,9,7,0,0,10,16.6,65,159,9,Pereira,7.0,6.5,DEF,Leicester,LEI
Benjamin,Chilwell,1,3,64,1080,7,6,0,1,3,14.3,59,161,9,Chilwell,4.0,5.9,DEF,Leicester,LEI
Jonny,Evans,0,2,67,1321,9,7,0,3,7,3.2,51,162,9,Evans,6.2,5.1,DEF,Leicester,LEI
Christian,Fuchs,0,0,11,274,2,1,0,0,0,0.3,43,163,9,Fuchs,1.5,4.3,DEF,Leicester,LEI
Çaglar,Söyüncü,1,1,68,1350,9,7,0,3,5,19.2,51,164,9,Söyüncü,5.2,5.1,DEF,Leicester,LEI
Wes,Morgan,0,0,4,56,0,0,0,0,0,0.7,42,165,9,Morgan,0.2,4.2,DEF,Leicester,LEI
Jamie,Vardy,14,4,115,1350,9,7,0,2,19,48.0,100,166,9,Vardy,8.8,10.0,FWD,Leicester,LEI
Kelechi,Iheanacho,1,1,11,28,0,0,0,0,3,0.3,57,167,9,Iheanacho,2.8,5.7,FWD,Leicester,LEI
Kasper,Schmeichel,0,0,66,1350,9,7,0,0,1,14.2,53,168,9,Schmeichel,5.0,5.3,GKP,Leicester,LEI
Eldin,Jakupovic,0,0,0,0,0,0,0,0,0,0.1,43,169,9,Jakupovic,0.0,4.3,GKP,Leicester,LEI
Danny,Ward,0,0,0,0,0,0,0,0,0,0.2,43,170,9,Ward,0.0,4.3,GKP,Leicester,LEI
James,Maddison,5,3,77,1232,8,6,0,1,10,25.4,76,171,9,Maddison,6.0,7.6,MID,Leicester,LEI
Harvey,Barnes,1,5,51,873,5,5,0,0,3,1.1,59,172,9,Barnes,2.8,5.9,MID,Leicester,LEI
Rachid,Ghezzal,0,0,0,0,0,0,0,0,0,0.0,52,173,9,Ghezzal,0.0,5.2,MID,Leicester,LEI
Marc,Albrighton,0,1,10,190,2,0,0,1,0,0.2,52,174,9,Albrighton,0.2,5.2,MID,Leicester,LEI
Demarai,Gray,0,2,15,204,1,0,0,1,0,0.3,52,175,9,Gray,1.2,5.2,MID,Leicester,LEI
Wilfred,Ndidi,2,0,46,1260,8,7,0,2,3,3.0,50,176,9,Ndidi,2.5,5.0,MID,Leicester,LEI
Matty,James,0,0,0,0,0,0,0,0,0,0.2,43,177,9,James,0.0,4.3,MID,Leicester,LEI
Daniel,Amartey,0,0,0,0,0,0,0,0,0,0.3,43,178,9,Amartey,0.0,4.3,MID,Leicester,LEI
Nampalys,Mendy,0,0,1,1,0,0,0,0,0,1.0,43,179,9,Mendy,0.0,4.3,MID,Leicester,LEI
Hamza,Choudhury,0,1,15,339,4,1,0,1,0,0.7,44,180,9,Choudhury,0.2,4.4,MID,Leicester,LEI
Ayoze,Pérez,4,2,57,876,6,5,0,0,2,7.0,62,265,9,Pérez,3.0,6.2,MID,Leicester,LEI
James,Justin,0,1,4,10,0,0,0,0,0,0.1,48,433,9,Justin,1.0,4.8,DEF,Leicester,LEI
Youri,Tielemans,3,3,65,1319,9,7,0,0,4,10.0,67,448,9,Tielemans,3.5,6.7,MID,Leicester,LEI
Andy,King,0,0,0,0,0,0,0,0,0,0.4,43,480,9,King,0.0,4.3,MID,Leicester,LEI
Dennis,Praet,0,1,17,352,2,1,0,0,0,0.1,53,517,9,Praet,0.8,5.3,MID,Leicester,LEI
Andrew,Robertson,1,5,66,1350,14,2,0,0,8,22.2,71,181,10,Robertson,3.5,7.1,DEF,Liverpool,LIV
Trent,Alexander-Arnold,1,7,67,1342,14,2,0,4,7,30.8,73,182,10,Alexander-Arnold,4.2,7.3,DEF,Liverpool,LIV
Virgil,van Dijk,3,0,60,1350,14,2,0,1,6,39.7,64,183,10,van Dijk,5.5,6.4,DEF,Liverpool,LIV
Joseph,Gomez,0,0,7,107,1,0,0,0,0,0.7,51,184,10,Gomez,0.8,5.1,DEF,Liverpool,LIV
Joel,Matip,1,0,32,630,5,2,0,0,4,1.5,53,185,10,Matip,0.0,5.3,DEF,Liverpool,LIV
Dejan,Lovren,0,1,15,630,8,0,0,1,0,0.7,53,186,10,Lovren,2.5,5.3,DEF,Liverpool,LIV
Roberto,Firmino,4,5,71,1178,9,4,0,0,12,10.1,94,187,10,Firmino,4.2,9.4,FWD,Liverpool,LIV
Divock,Origi,3,1,35,360,9,0,0,0,6,2.7,52,188,10,Origi,3.8,5.2,FWD,Liverpool,LIV
Alisson,Ramses Becker,0,0,12,563,6,0,1,0,0,7.3,60,189,10,Alisson,1.0,6.0,GKP,Liverpool,LIV
Simon,Mignolet,0,0,0,0,0,0,0,0,0,0.0,45,190,10,Mignolet,0.0,4.5,GKP,Liverpool,LIV
Mohamed,Salah,6,3,75,1010,8,4,0,0,8,21.3,122,191,10,Salah,2.8,12.2,MID,Liverpool,LIV
Sadio,Mané,9,6,109,1236,12,3,0,1,15,42.1,123,192,10,Mané,8.2,12.3,MID,Liverpool,LIV
Alex,Oxlade-Chamberlain,0,0,16,401,3,2,0,0,0,0.6,62,193,10,Chamberlain,1.8,6.2,MID,Liverpool,LIV
Xherdan,Shaqiri,1,0,9,101,2,0,0,0,0,0.2,63,194,10,Shaqiri,1.8,6.3,MID,Liverpool,LIV
Adam,Lallana,1,0,15,205,4,0,0,0,1,0.1,58,195,10,Lallana,0.8,5.8,MID,Liverpool,LIV
Naby,Keita,0,0,2,14,0,0,0,0,0,0.2,58,196,10,Keita,0.0,5.8,MID,Liverpool,LIV
Fabio Henrique,Tavares,1,1,32,1006,10,2,0,5,4,1.2,55,197,10,Fabinho,2.5,5.5,MID,Liverpool,LIV
Jordan,Henderson,1,1,39,905,8,4,0,0,2,1.0,54,198,10,Henderson,3.0,5.4,MID,Liverpool,LIV
Georginio,Wijnaldum,2,0,47,1259,12,4,0,0,3,2.8,54,199,10,Wijnaldum,3.5,5.4,MID,Liverpool,LIV
James,Milner,1,2,27,368,6,1,0,2,3,0.6,53,200,10,Milner,1.0,5.3,MID,Liverpool,LIV
Rafael,Camacho,0,0,0,0,0,0,0,0,0,0.0,45,201,10,Camacho,0.0,4.5,MID,Liverpool,LIV
Rhian,Brewster,0,0,0,0,0,0,0,0,0,0.6,43,464,10,Brewster,0.0,4.3,FWD,Liverpool,LIV
Adrián,San Miguel del Castillo,0,0,25,783,9,2,0,1,0,2.9,42,526,10,Adrián,0.5,4.2,GKP,Liverpool,LIV
Andy,Lonergan,0,0,0,0,0,0,0,0,0,0.0,43,530,10,Lonergan,0.0,4.3,GKP,Liverpool,LIV
Caoimhin,Kelleher,0,0,0,0,0,0,0,0,0,0.0,44,531,10,Kelleher,0.0,4.4,GKP,Liverpool,LIV
Harvey,Elliott,0,0,0,0,0,0,0,0,0,0.0,45,550,10,Elliott,0.0,4.5,MID,Liverpool,LIV
Aymeric,Laporte,0,0,9,306,3,1,0,1,0,2.1,63,202,11,Laporte,0.0,6.3,DEF,Man City,MCI
Kyle,Walker,1,2,39,997,14,2,0,2,3,12.3,58,203,11,Walker,1.0,5.8,DEF,Man City,MCI
Benjamin,Mendy,0,0,16,387,3,2,0,0,0,0.9,56,204,11,Mendy,0.8,5.6,DEF,Man City,MCI
Oleksandr,Zinchenko,0,0,18,585,9,2,0,0,0,2.7,52,206,11,Zinchenko,0.0,5.2,DEF,Man City,MCI
John,Stones,0,0,20,641,10,2,0,0,0,1.4,53,207,11,Stones,1.0,5.3,DEF,Man City,MCI
Nicolás,Otamendi,1,1,29,693,10,2,0,2,0,2.3,50,208,11,Otamendi,0.5,5.0,DEF,Man City,MCI
Danilo Luiz,da Silva,0,0,0,0,0,0,0,0,0,0.0,50,209,11,Danilo,0.0,5.0,DEF,Man City,MCI
Sergio,Agüero,9,3,72,810,13,2,0,0,6,11.5,118,210,11,Agüero,1.0,11.8,FWD,Man City,MCI
Gabriel Fernando,de Jesus,5,2,47,635,5,3,0,1,4,3.3,96,211,11,Jesus,4.0,9.6,FWD,Man City,MCI
Ederson,Santana de Moraes,0,0,50,1260,14,5,0,3,2,15.3,60,212,11,Ederson,1.2,6.0,GKP,Man City,MCI
Claudio,Bravo,0,0,1,90,3,0,0,0,0,0.3,48,213,11,Bravo,0.2,4.8,GKP,Man City,MCI
Raheem,Sterling,8,1,79,1221,16,5,0,4,7,28.5,119,214,11,Sterling,3.5,11.9,MID,Man City,MCI
Kevin,De Bruyne,4,10,96,1132,11,6,0,0,13,41.3,103,215,11,De Bruyne,5.5,10.3,MID,Man City,MCI
Leroy,Sané,0,0,0,0,0,0,0,0,0,0.2,93,216,11,Sané,0.0,9.3,MID,Man City,MCI
Riyad,Mahrez,4,5,64,633,4,3,0,0,9,3.6,83,217,11,Mahrez,4.5,8.3,MID,Man City,MCI
Bernardo Mota,Veiga de Carvalho e Silva,5,4,64,835,14,3,0,3,5,10.4,79,218,11,Bernardo Silva,4.5,7.9,MID,Man City,MCI
David,Silva,3,8,77,920,8,6,0,0,8,8.4,76,219,11,David Silva,4.0,7.6,MID,Man City,MCI
Phil,Foden,0,0,7,84,2,0,0,0,0,0.3,51,220,11,Foden,0.8,5.1,MID,Man City,MCI
Fernando,Luiz Rosa,0,0,20,943,10,4,1,2,0,0.7,52,221,11,Fernandinho,2.0,5.2,MID,Man City,MCI
Ilkay,Gündogan,1,0,24,903,15,2,0,5,1,1.3,52,222,11,Gündogan,0.8,5.2,MID,Man City,MCI
José Ángel,Esmorís Tasende,0,1,10,332,5,0,0,1,1,0.2,47,440,11,Angeliño,0.8,4.7,DEF,Man City,MCI
Rodrigo,Hernandez,2,1,40,976,14,4,0,3,3,1.0,54,443,11,Rodrigo,3.8,5.4,MID,Man City,MCI
João Pedro Cavaco,Cancelo,0,0,19,397,3,2,0,1,3,1.0,53,518,11,Cancelo,0.5,5.3,DEF,Man City,MCI
Eric,Garcia,0,0,2,32,1,0,0,0,0,0.0,45,544,11,Garcia,0.2,4.5,DEF,Man City,MCI
Scott,Carson,0,0,0,0,0,0,0,0,0,0.0,40,562,11,Carson,0.0,4.0,GKP,Man City,MCI
Aaron,Wan-Bissaka,0,0,28,1160,16,2,0,4,2,14.8,53,122,12,Wan-Bissaka,1.2,5.3,DEF,Man Utd,MUN
Harry,Maguire,0,0,32,1350,18,2,0,2,0,11.1,53,160,12,Maguire,1.2,5.3,DEF,Man Utd,MUN
Chris,Smalling,0,0,0,0,0,0,0,0,0,0.1,53,223,12,Smalling,0.0,5.3,DEF,Man Utd,MUN
Ashley,Young,0,0,17,861,10,1,0,5,0,0.3,54,224,12,Young,0.5,5.4,DEF,Man Utd,MUN
Victor,Lindelöf,1,0,39,1260,17,2,0,2,3,1.1,53,225,12,Lindelöf,3.2,5.3,DEF,Man Utd,MUN
Luke,Shaw,0,0,10,227,2,1,0,1,0,0.6,54,226,12,Shaw,0.2,5.4,DEF,Man Utd,MUN
Marcos,Rojo,0,0,3,121,2,0,0,1,0,0.1,48,227,12,Rojo,0.2,4.8,DEF,Man Utd,MUN
Eric,Bailly,0,0,0,0,0,0,0,0,0,0.0,49,228,12,Bailly,0.0,4.9,DEF,Man Utd,MUN
José Diogo,Dalot Teixeira,0,0,1,59,0,0,0,0,0,0.1,49,229,12,Dalot,0.0,4.9,DEF,Man Utd,MUN
Matteo,Darmian,0,0,0,0,0,0,0,0,0,0.0,49,230,12,Darmian,0.0,4.9,DEF,Man Utd,MUN
Phil,Jones,0,0,1,45,1,0,0,0,0,0.1,48,231,12,Jones,0.2,4.8,DEF,Man Utd,MUN
Romelu,Lukaku,0,0,0,0,0,0,0,0,0,0.3,85,232,12,Lukaku,0.0,8.5,FWD,Man Utd,MUN
Marcus,Rashford,9,5,92,1306,16,3,0,2,17,18.6,88,233,12,Rashford,8.5,8.8,FWD,Man Utd,MUN
Mason,Greenwood,1,0,17,217,5,0,0,0,0,10.7,43,234,12,Greenwood,2.2,4.3,FWD,Man Utd,MUN
David,de Gea,0,0,48,1350,18,2,0,0,5,13.3,55,235,12,de Gea,2.0,5.5,GKP,Man Utd,MUN
Sergio,Romero,0,0,0,0,0,0,0,0,0,0.2,48,236,12,Romero,0.0,4.8,GKP,Man Utd,MUN
Lee,Grant,0,0,0,0,0,0,0,0,0,0.1,48,237,12,Grant,0.0,4.8,GKP,Man Utd,MUN
Paul,Pogba,0,2,15,450,5,1,0,0,0,3.1,84,238,12,Pogba,0.0,8.4,MID,Man Utd,MUN
Anthony,Martial,3,3,42,695,10,2,0,1,2,6.2,76,239,12,Martial,3.5,7.6,MID,Man Utd,MUN
Alexis,Sánchez,0,0,0,0,0,0,0,0,0,0.4,68,240,12,Sánchez,0.0,6.8,MID,Man Utd,MUN
Jesse,Lingard,0,0,15,543,8,1,0,2,0,0.8,63,241,12,Lingard,1.2,6.3,MID,Man Utd,MUN
Juan,Mata,0,0,14,372,5,2,0,1,0,0.3,62,242,12,Mata,0.5,6.2,MID,Man Utd,MUN
Daniel,James,3,3,54,1252,17,2,0,3,2,10.9,61,243,12,James,2.8,6.1,MID,Man Utd,MUN
Frederico,Rodrigues de Paula Santos,0,0,16,778,12,0,0,3,0,0.2,53,244,12,Fred,1.8,5.3,MID,Man Utd,MUN
Angel,Gomes,0,0,1,9,1,0,0,0,0,0.1,48,245,12,Gomes,0.0,4.8,MID,Man Utd,MUN
Andreas,Pereira,1,1,37,963,12,3,0,1,1,0.6,50,246,12,Pereira,3.2,5.0,MID,Man Utd,MUN
Nemanja,Matic,0,0,6,158,1,1,0,0,0,0.3,48,247,12,Matic,0.0,4.8,MID,Man Utd,MUN
Scott,McTominay,2,2,49,1155,12,2,0,1,6,2.3,51,248,12,McTominay,1.8,5.1,MID,Man Utd,MUN
Tahith,Chong,0,0,2,24,0,0,0,0,0,0.5,44,249,12,Chong,0.0,4.4,MID,Man Utd,MUN
James,Garner,0,0,1,8,1,0,0,0,0,0.2,44,250,12,Garner,0.0,4.4,MID,Man Utd,MUN
Axel,Tuanzebe,0,0,6,186,3,0,0,0,0,0.1,44,481,12,Tuanzebe,0.2,4.4,DEF,Man Utd,MUN
Brandon,Williams,1,0,9,268,6,0,0,3,0,1.8,41,549,12,Williams,1.8,4.1,DEF,Man Utd,MUN
Matt,Ritchie,0,0,8,270,4,1,0,1,0,0.2,53,251,13,Ritchie,0.0,5.3,DEF,Newcastle,NEW
Fabian,Schär,1,0,32,793,14,3,0,2,2,1.5,50,252,13,Schär,0.0,5.0,DEF,Newcastle,NEW
DeAndre,Yedlin,1,0,20,556,8,1,0,1,0,0.1,44,253,13,Yedlin,2.2,4.4,DEF,Newcastle,NEW
Federico,Fernández,1,2,28,563,8,1,0,3,3,0.2,44,254,13,Fernández,2.8,4.4,DEF,Newcastle,NEW
Paul,Dummett,0,0,31,945,18,4,0,2,2,0.3,44,255,13,Dummett,3.5,4.4,DEF,Newcastle,NEW
Javier,Manquillo,0,1,22,395,4,2,0,2,4,0.1,43,256,13,Manquillo,3.0,4.3,DEF,Newcastle,NEW
Florian,Lejeune,0,0,0,0,0,0,0,0,0,0.0,44,257,13,Lejeune,0.0,4.4,DEF,Newcastle,NEW
Jamaal,Lascelles,1,0,38,1000,18,3,0,1,3,3.4,43,258,13,Lascelles,0.2,4.3,DEF,Newcastle,NEW
Ciaran,Clark,2,0,33,720,9,2,0,2,2,0.6,43,259,13,Clark,4.5,4.3,DEF,Newcastle,NEW
Yoshinori,Muto,0,0,5,101,3,0,0,0,0,0.1,52,260,13,Muto,0.0,5.2,FWD,Newcastle,NEW
Jose Luis,Mato Sanmartín,0,0,0,0,0,0,0,0,0,0.0,50,261,13,Joselu,0.0,5.0,FWD,Newcastle,NEW
Martin,Dubravka,0,0,57,1350,22,4,0,0,4,1.0,50,262,13,Dubravka,4.8,5.0,GKP,Newcastle,NEW
Karl,Darlow,0,0,0,0,0,0,0,0,0,0.1,44,263,13,Darlow,0.0,4.4,GKP,Newcastle,NEW
Frederick,Woodman,0,0,0,0,0,0,0,0,0,0.9,40,264,13,Woodman,0.0,4.0,GKP,Newcastle,NEW
Miguel,Almirón,0,1,36,1254,19,5,0,2,0,0.4,58,266,13,Almirón,3.0,5.8,MID,Newcastle,NEW
Christian,Atsu,0,3,28,483,11,2,0,1,0,0.1,54,267,13,Atsu,1.8,5.4,MID,Newcastle,NEW
Sung-yueng,Ki,0,0,4,135,6,0,0,0,0,0.1,47,268,13,Ki Sung-yueng,0.0,4.7,MID,Newcastle,NEW
Jonjo,Shelvey,4,0,46,760,13,2,0,0,6,0.5,50,269,13,Shelvey,5.5,5.0,MID,Newcastle,NEW
Sean,Longstaff,0,1,16,613,10,2,1,1,0,0.3,50,270,13,Longstaff,0.0,5.0,MID,Newcastle,NEW
Isaac,Hayden,0,2,29,1032,20,3,1,2,2,4.0,44,271,13,Hayden,2.0,4.4,MID,Newcastle,NEW
Joelinton Cássio,Apolinário de Lira,1,1,36,1123,17,2,0,2,3,1.0,57,466,13,Joelinton,1.8,5.7,FWD,Newcastle,NEW
Jack,Colback,0,0,0,0,0,0,0,0,0,0.2,44,482,13,Colback,0.0,4.4,MID,Newcastle,NEW
Jacob,Murphy,0,0,0,0,0,0,0,0,0,0.0,48,483,13,Murphy,0.0,4.8,MID,Newcastle,NEW
Jetro,Willems,2,2,56,1013,13,3,0,0,6,2.6,46,498,13,Willems,4.0,4.6,DEF,Newcastle,NEW
Rolando,Aarons,0,0,0,0,0,0,0,0,0,0.0,48,499,13,Aarons,0.0,4.8,MID,Newcastle,NEW
Allan,Saint-Maximin,1,1,29,725,7,2,0,0,0,0.5,54,500,13,Saint-Maximin,4.2,5.4,MID,Newcastle,NEW
Emil,Krafth,0,0,12,416,11,1,0,0,0,0.1,44,519,13,Krafth,0.2,4.4,DEF,Newcastle,NEW
Andy,Carroll,0,1,12,195,4,1,0,0,0,0.1,54,520,13,Carroll,1.8,5.4,FWD,Newcastle,NEW
Matthew,Longstaff,1,0,14,269,2,1,0,0,2,0.3,45,540,13,Matthew Longstaff,0.0,4.5,MID,Newcastle,NEW
Dwight,Gayle,0,0,4,45,1,0,0,0,0,0.0,50,554,13,Gayle,0.5,5.0,FWD,Newcastle,NEW
Timm,Klose,0,0,0,0,0,0,0,0,0,0.0,44,272,14,Klose,0.0,4.4,DEF,Norwich,NOR
Ben,Godfrey,0,0,18,1309,32,1,0,1,0,0.2,44,273,14,Godfrey,2.2,4.4,DEF,Norwich,NOR
Maximillian,Aarons,0,0,18,1170,28,2,0,4,0,1.1,44,274,14,Aarons,2.0,4.4,DEF,Norwich,NOR
Christoph,Zimmermann,0,0,8,305,5,1,0,1,0,0.0,44,275,14,Zimmermann,1.8,4.4,DEF,Norwich,NOR
Jamal,Lewis,0,0,19,1044,26,2,0,1,0,0.3,45,276,14,Lewis,0.2,4.5,DEF,Norwich,NOR
Grant,Hanley,0,0,1,270,8,0,0,0,0,2.2,40,277,14,Hanley,0.0,4.0,DEF,Norwich,NOR
Teemu,Pukki,8,3,82,1335,32,2,0,2,13,18.6,66,278,14,Pukki,5.8,6.6,FWD,Norwich,NOR
Dennis,Srbeny,1,0,11,28,2,0,0,0,1,0.0,52,279,14,Srbeny,1.5,5.2,FWD,Norwich,NOR
Tim,Krul,0,0,51,1170,25,2,0,1,6,2.1,45,280,14,Krul,3.8,4.5,GKP,Norwich,NOR
Michael,McGovern,0,0,11,158,6,0,0,0,2,6.9,40,281,14,McGovern,0.0,4.0,GKP,Norwich,NOR
Mario,Vrancic,0,0,2,24,1,0,0,1,0,0.1,62,282,14,Vrancic,0.0,6.2,MID,Norwich,NOR
Emiliano,Buendía,0,4,42,1067,27,1,0,1,3,0.9,60,283,14,Buendía,1.2,6.0,MID,Norwich,NOR
Onel,Hernández,1,1,22,524,9,1,0,0,0,0.1,53,284,14,Hernández,3.0,5.3,MID,Norwich,NOR
Marco,Stiepermann,0,0,19,823,22,1,0,3,0,0.1,52,285,14,Stiepermann,0.8,5.2,MID,Norwich,NOR
Kenny,McLean,1,1,32,1098,26,2,0,4,0,0.2,49,286,14,McLean,2.5,4.9,MID,Norwich,NOR
Todd,Cantwell,4,2,59,1087,26,2,0,1,5,18.7,47,287,14,Cantwell,5.2,4.7,MID,Norwich,NOR
Moritz,Leitner,0,0,16,683,16,1,0,1,0,0.2,44,288,14,Leitner,0.0,4.4,MID,Norwich,NOR
Alexander,Tettey,0,1,20,593,10,2,0,1,1,0.2,45,289,14,Tettey,2.2,4.5,MID,Norwich,NOR
Tom,Trybull,0,0,20,763,16,2,0,0,0,0.7,45,290,14,Trybull,2.0,4.5,MID,Norwich,NOR
Josip,Drmic,1,0,12,115,3,0,0,0,0,0.1,54,434,14,Drmic,0.2,5.4,FWD,Norwich,NOR
Patrick,Roberts,0,0,3,24,2,0,0,0,0,0.1,52,435,14,Roberts,0.0,5.2,MID,Norwich,NOR
Ralf,Fahrmann,0,0,1,21,1,0,0,0,0,0.3,44,449,14,Fahrmann,0.0,4.4,GKP,Norwich,NOR
Sam,Byram,0,0,9,475,10,1,0,3,0,0.1,44,454,14,Byram,1.5,4.4,DEF,Norwich,NOR
Philip,Heise,0,0,0,0,0,0,0,0,0,0.7,40,484,14,Heise,0.0,4.0,DEF,Norwich,NOR
Ibrahim,Amadou,0,0,17,731,19,1,0,1,0,0.1,45,507,14,Amadou,1.0,4.5,MID,Norwich,NOR
Adam,Idah,0,0,0,0,0,0,0,0,0,0.1,45,538,14,Idah,0.0,4.5,FWD,Norwich,NOR
Archie,Mair,0,0,0,0,0,0,0,0,0,0.0,40,551,14,Mair,0.0,4.0,GKP,Norwich,NOR
Akin,Famewo,0,0,0,0,0,0,0,0,0,0.1,40,552,14,Famewo,0.0,4.0,DEF,Norwich,NOR
Lys,Mousset,5,3,54,527,4,2,0,0,9,7.1,51,70,15,Mousset,4.8,5.1,FWD,Sheffield Utd,SHU
Enda,Stevens,0,2,54,1350,15,5,0,2,4,2.3,51,291,15,Stevens,1.2,5.1,DEF,Sheffield Utd,SHU
Kieron,Freeman,0,0,0,0,0,0,0,0,0,0.1,42,292,15,Freeman,0.0,4.2,DEF,Sheffield Utd,SHU
Jack,O'Connell,0,1,50,1350,15,5,0,3,4,1.9,46,293,15,O'Connell,1.2,4.6,DEF,Sheffield Utd,SHU
George,Baldock,1,2,57,1350,15,5,0,4,3,3.6,47,294,15,Baldock,3.5,4.7,DEF,Sheffield Utd,SHU
John,Egan,0,0,47,1248,12,5,0,1,3,0.4,45,295,15,Egan,1.0,4.5,DEF,Sheffield Utd,SHU
Richard,Stearman,0,0,0,0,0,0,0,0,0,2.4,40,296,15,Stearman,0.0,4.0,DEF,Sheffield Utd,SHU
John,Lundstram,3,2,76,1318,15,5,0,4,10,46.5,51,297,15,Lundstram,2.0,5.1,DEF,Sheffield Utd,SHU
Billy,Sharp,1,0,13,252,4,0,1,1,3,0.3,56,298,15,Sharp,0.5,5.6,FWD,Sheffield Utd,SHU
Jake,Eastwood,0,0,0,0,0,0,0,0,0,0.1,43,299,15,Eastwood,0.0,4.3,GKP,Sheffield Utd,SHU
Mark,Duffy,0,0,0,0,0,0,0,0,0,0.0,52,300,15,Duffy,0.0,5.2,MID,Sheffield Utd,SHU
John,Fleck,2,1,42,1108,11,4,0,4,4,1.5,49,301,15,Fleck,4.5,4.9,MID,Sheffield Utd,SHU
Oliver,Norwood,0,1,37,1256,15,5,0,2,1,0.3,49,302,15,Norwood,2.0,4.9,MID,Sheffield Utd,SHU
David,McGoldrick,0,1,26,808,8,3,0,1,3,0.3,54,303,15,McGoldrick,3.2,5.4,FWD,Sheffield Utd,SHU
Chris,Basham,0,0,45,1290,15,5,0,2,1,0.5,45,423,15,Basham,1.2,4.5,DEF,Sheffield Utd,SHU
Simon,Moore,0,0,1,90,3,0,0,0,0,0.1,44,436,15,Moore,0.2,4.4,GKP,Sheffield Utd,SHU
Luke,Freeman,0,0,10,270,4,1,0,2,0,0.1,52,441,15,Freeman,0.5,5.2,MID,Sheffield Utd,SHU
Phil,Jagielka,0,0,4,128,3,0,0,0,0,0.4,42,444,15,Jagielka,0.2,4.2,DEF,Sheffield Utd,SHU
Callum,Robinson,1,2,30,551,5,2,0,0,1,0.3,52,453,15,Robinson,1.5,5.2,MID,Sheffield Utd,SHU
Ravel,Morrison,0,0,1,12,0,0,0,0,0,0.1,47,456,15,Morrison,0.0,4.7,MID,Sheffield Utd,SHU
Dean,Henderson,0,0,55,1260,12,5,0,2,2,7.4,47,471,15,Henderson,1.8,4.7,GKP,Sheffield Utd,SHU
Ben,Osborn,0,0,2,13,0,0,0,0,0,0.0,47,472,15,Osborn,0.0,4.7,MID,Sheffield Utd,SHU
Oliver,McBurnie,2,0,26,606,9,3,0,2,1,0.1,57,501,15,McBurnie,2.0,5.7,FWD,Sheffield Utd,SHU
Michael,Verrips,0,0,0,0,0,0,0,0,0,0.0,44,521,15,Verrips,0.0,4.4,GKP,Sheffield Utd,SHU
Muhamed,Bešić,0,0,1,9,0,0,0,0,0,0.2,45,522,15,Bešić,0.0,4.5,MID,Sheffield Utd,SHU
Leon,Clarke,0,0,1,13,0,0,0,0,0,0.1,45,547,15,Clarke,0.0,4.5,FWD,Sheffield Utd,SHU
Jannik,Vestergaard,1,0,32,933,21,2,0,1,6,3.3,49,304,16,Vestergaard,0.2,4.9,DEF,Southampton,SOU
Ryan,Bertrand,1,1,12,762,26,0,1,2,0,0.5,48,305,16,Bertrand,3.2,4.8,DEF,Southampton,SOU
Yan,Valery,0,1,9,554,18,0,0,1,0,0.2,47,306,16,Valery,0.2,4.7,DEF,Southampton,SOU
Jan,Bednarek,0,0,25,1347,33,2,0,1,1,0.7,45,307,16,Bednarek,1.5,4.5,DEF,Southampton,SOU
Jack,Stephens,0,0,7,567,14,0,0,0,0,0.1,43,308,16,Stephens,1.5,4.3,DEF,Southampton,SOU
Maya,Yoshida,0,0,10,558,18,1,0,1,1,0.3,43,310,16,Yoshida,0.2,4.3,DEF,Southampton,SOU
Kayne,Ramsay,0,0,0,0,0,0,0,0,0,1.4,39,311,16,Ramsay,0.0,3.9,DEF,Southampton,SOU
Charlie,Austin,0,0,0,0,0,0,0,0,0,0.0,60,312,16,Austin,0.0,6.0,FWD,Southampton,SOU
Danny,Ings,8,1,76,987,21,1,0,1,16,9.5,62,313,16,Ings,7.8,6.2,FWD,Southampton,SOU
Michael,Obafemi,0,0,7,180,5,0,0,0,0,0.2,49,314,16,Obafemi,1.0,4.9,FWD,Southampton,SOU
Shane,Long,0,1,12,237,5,0,0,0,0,2.1,46,315,16,Long,1.8,4.6,FWD,Southampton,SOU
Sam,Gallagher,0,0,0,0,0,0,0,0,0,0.0,45,316,16,Gallagher,0.0,4.5,FWD,Southampton,SOU
Fraser,Forster,0,0,0,0,0,0,0,0,0,0.4,43,317,16,Forster,0.0,4.3,GKP,Southampton,SOU
Alex,McCarthy,0,0,9,450,8,0,0,0,0,0.6,43,318,16,McCarthy,2.0,4.3,GKP,Southampton,SOU
Angus,Gunn,0,0,29,900,25,2,0,0,3,2.1,45,319,16,Gunn,0.0,4.5,GKP,Southampton,SOU
Nathan,Redmond,1,0,32,1113,30,1,0,1,2,0.6,62,320,16,Redmond,1.5,6.2,MID,Southampton,SOU
James,Ward-Prowse,4,1,58,1350,33,2,0,1,6,1.8,58,321,16,Ward-Prowse,5.2,5.8,MID,Southampton,SOU
Mohamed,Elyounoussi,0,0,0,0,0,0,0,0,0,0.0,53,322,16,Elyounoussi,0.0,5.3,MID,Southampton,SOU
Stuart,Armstrong,0,1,15,350,9,0,0,1,0,0.1,52,323,16,Armstrong,1.0,5.2,MID,Southampton,SOU
Mario,Lemina,0,0,0,0,0,0,0,0,0,0.1,47,324,16,Lemina,0.0,4.7,MID,Southampton,SOU
Pierre-Emile,Højbjerg,0,2,34,1187,29,2,0,2,1,0.4,48,325,16,Højbjerg,2.2,4.8,MID,Southampton,SOU
Tyreke,Johnson,0,0,0,0,0,0,0,0,0,0.0,44,326,16,Johnson,0.0,4.4,MID,Southampton,SOU
Callum,Slattery,0,0,0,0,0,0,0,0,0,0.4,44,327,16,Slattery,0.0,4.4,MID,Southampton,SOU
Oriol,Romeu Vidal,0,0,25,1062,28,2,0,2,0,1.0,44,328,16,Oriol Romeu,0.8,4.4,MID,Southampton,SOU
Che,Adams,0,1,19,478,7,2,0,0,0,0.4,54,437,16,Adams,0.5,5.4,FWD,Southampton,SOU
Moussa,Djenepo,2,1,26,394,6,1,0,3,3,0.2,52,438,16,Djenepo,2.2,5.2,MID,Southampton,SOU
Wesley,Hoedt,0,0,0,0,0,0,0,0,0,0.0,43,485,16,Hoedt,0.0,4.3,DEF,Southampton,SOU
Cédric,Soares,0,0,15,570,9,1,0,0,0,0.2,48,486,16,Cédric,1.5,4.8,DEF,Southampton,SOU
Sofiane,Boufal,0,3,24,463,10,1,0,1,0,0.1,55,508,16,Boufal,1.2,5.5,MID,Southampton,SOU
Kevin,Danso,0,1,9,275,8,1,1,0,0,0.0,43,532,16,Danso,0.0,4.3,DEF,Southampton,SOU
Daniel,N'Lundulu,0,0,0,0,0,0,0,0,0,0.1,45,535,16,N'Lundulu,0.0,4.5,FWD,Southampton,SOU
Harry,Lewis,0,0,0,0,0,0,0,0,0,0.1,40,548,16,Lewis,0.0,4.0,GKP,Southampton,SOU
Ben,Davies,0,0,8,360,6,0,0,1,0,0.1,54,329,17,Davies,0.8,5.4,DEF,Spurs,TOT
Jan,Vertonghen,0,0,14,720,13,1,0,1,0,1.4,52,330,17,Vertonghen,0.5,5.2,DEF,Spurs,TOT
Toby,Alderweireld,0,2,31,1260,22,1,0,0,1,5.5,54,331,17,Alderweireld,1.5,5.4,DEF,Spurs,TOT
Danny,Rose,0,0,14,807,13,1,0,5,0,1.5,54,332,17,Rose,0.2,5.4,DEF,Spurs,TOT
Davinson,Sánchez,0,0,13,945,17,0,0,2,0,0.9,53,333,17,Sánchez,1.2,5.3,DEF,Spurs,TOT
Kieran,Trippier,0,0,0,0,0,0,0,0,0,0.1,55,334,17,Trippier,0.0,5.5,DEF,Spurs,TOT
Juan,Foyth,0,0,1,20,2,0,0,1,0,0.0,49,335,17,Foyth,0.0,4.9,DEF,Spurs,TOT
Serge,Aurier,0,4,41,825,13,2,1,0,10,5.0,49,336,17,Aurier,4.0,4.9,DEF,Spurs,TOT
Kyle,Walker-Peters,0,0,5,241,4,0,0,0,0,0.6,45,337,17,Walker-Peters,0.0,4.5,DEF,Spurs,TOT
Harry,Kane,7,1,67,1254,22,1,0,1,9,18.0,109,338,17,Kane,3.0,10.9,FWD,Spurs,TOT
Vincent,Janssen,0,0,0,0,0,0,0,0,0,0.1,45,339,17,Janssen,0.0,4.5,FWD,Spurs,TOT
Hugo,Lloris,0,0,23,548,8,1,0,0,0,3.7,53,340,17,Lloris,0.0,5.3,GKP,Spurs,TOT
Paulo,Gazzaniga,0,0,25,802,15,0,0,0,3,4.0,45,341,17,Gazzaniga,2.2,4.5,GKP,Spurs,TOT
Heung-Min,Son,4,8,76,1053,18,1,1,0,9,15.7,98,342,17,Son,8.2,9.8,MID,Spurs,TOT
Christian,Eriksen,1,1,28,729,13,1,0,3,3,2.9,86,343,17,Eriksen,0.5,8.6,MID,Spurs,TOT
Bamidele,Alli,5,1,51,629,9,1,0,1,8,7.3,86,344,17,Alli,8.0,8.6,MID,Spurs,TOT
Lucas,Rodrigues Moura da Silva,2,1,32,562,8,0,0,0,0,4.0,70,345,17,Lucas Moura,2.8,7.0,MID,Spurs,TOT
Erik,Lamela,2,2,32,602,9,1,0,2,2,1.3,57,346,17,Lamela,0.0,5.7,MID,Spurs,TOT
Harry,Winks,0,0,21,926,18,1,0,4,0,0.3,53,347,17,Winks,1.2,5.3,MID,Spurs,TOT
Victor,Wanyama,0,0,1,24,2,0,0,1,0,0.1,48,348,17,Wanyama,0.0,4.8,MID,Spurs,TOT
Moussa,Sissoko,1,1,36,1238,20,2,0,3,0,1.8,49,349,17,Sissoko,3.0,4.9,MID,Spurs,TOT
Eric,Dier,0,0,7,372,8,0,0,2,0,0.2,49,350,17,Dier,1.2,4.9,MID,Spurs,TOT
Luke,Amos,0,0,0,0,0,0,0,0,0,0.0,45,351,17,Amos,0.0,4.5,MID,Spurs,TOT
Oliver,Skipp,0,0,2,2,0,0,0,0,0,0.5,44,352,17,Skipp,0.0,4.4,MID,Spurs,TOT
Tanguy,Ndombele,2,1,32,667,10,1,0,2,2,2.8,58,442,17,Ndombele,1.0,5.8,MID,Spurs,TOT
Troy,Parrott,0,0,0,0,0,0,0,0,0,0.8,44,509,17,Parrott,0.0,4.4,FWD,Spurs,TOT
Giovani,Lo Celso,0,0,9,160,3,0,0,0,0,0.2,73,523,17,Lo Celso,1.0,7.3,MID,Spurs,TOT
Ryan,Sessegnon,0,0,1,1,0,0,0,0,0,0.1,54,524,17,Sessegnon,0.0,5.4,MID,Spurs,TOT
Georges-Kévin,Nkoudou,0,0,1,2,0,0,0,0,0,0.0,50,527,17,Nkoudou,0.0,5.0,MID,Spurs,TOT
Alfie,Whiteman,0,0,0,0,0,0,0,0,0,0.4,40,543,17,Whiteman,0.0,4.0,GKP,Spurs,TOT
Michel,Vorm,0,0,0,0,0,0,0,0,0,0.0,43,555,17,Vorm,0.0,4.3,GKP,Spurs,TOT
Brandon,Austin,0,0,0,0,0,0,0,0,0,0.1,40,558,17,Austin,0.0,4.0,GKP,Spurs,TOT
José,Holebas,0,0,15,974,25,2,0,5,0,1.0,47,353,18,Holebas,2.0,4.7,DEF,Watford,WAT
Christian,Kabasele,0,0,21,604,6,3,1,1,1,0.2,43,354,18,Kabasele,0.8,4.3,DEF,Watford,WAT
Adam,Masina,0,0,8,389,9,1,0,2,0,0.1,43,355,18,Masina,0.2,4.3,DEF,Watford,WAT
Adrian,Mariappa,0,0,3,450,16,0,0,1,0,0.2,42,356,18,Mariappa,1.0,4.2,DEF,Watford,WAT
Francisco,Femenía Far,0,0,8,835,25,0,0,3,0,0.3,42,357,18,Kiko Femenía,1.0,4.2,DEF,Watford,WAT
Craig,Cathcart,0,0,31,1099,19,3,0,1,1,1.3,44,358,18,Cathcart,2.2,4.4,DEF,Watford,WAT
Daryl,Janmaat,0,1,36,606,5,4,0,1,7,1.5,43,359,18,Janmaat,1.8,4.3,DEF,Watford,WAT
Marc,Navarro,0,0,0,0,0,0,0,0,0,0.4,39,360,18,Navarro,0.0,3.9,DEF,Watford,WAT
Sebastian,Prödl,0,0,1,56,0,0,0,0,0,1.4,40,361,18,Prödl,0.0,4.0,DEF,Watford,WAT
Troy,Deeney,0,0,7,300,7,0,0,0,0,0.5,62,362,18,Deeney,0.8,6.2,FWD,Watford,WAT
Gerard,Deulofeu,2,2,44,1013,22,3,0,2,6,2.5,61,363,18,Deulofeu,4.5,6.1,FWD,Watford,WAT
Andre,Gray,2,0,27,658,15,0,0,1,2,0.4,56,364,18,Gray,1.8,5.6,FWD,Watford,WAT
Isaac,Success Ajayi,0,0,3,47,2,0,0,0,0,0.4,48,365,18,Success,0.2,4.8,FWD,Watford,WAT
Ben,Foster,0,0,51,1350,30,3,0,0,10,2.0,48,366,18,Foster,3.5,4.8,GKP,Watford,WAT
Pontus,Dahlberg,0,0,0,0,0,0,0,0,0,0.1,44,367,18,Dahlberg,0.0,4.4,GKP,Watford,WAT
Abdoulaye,Doucouré,1,0,35,1330,30,3,0,3,2,1.0,57,368,18,Doucouré,2.0,5.7,MID,Watford,WAT
Roberto,Pereyra,1,0,22,737,10,3,0,3,0,0.7,56,369,18,Pereyra,0.2,5.6,MID,Watford,WAT
Will,Hughes,1,1,35,839,19,3,0,2,3,0.4,54,370,18,Hughes,2.2,5.4,MID,Watford,WAT
Tom,Cleverley,1,0,24,645,17,1,0,0,2,0.1,49,371,18,Cleverley,0.0,4.9,MID,Watford,WAT
Ken,Sema,0,0,0,0,0,0,0,0,0,0.0,48,372,18,Sema,0.0,4.8,MID,Watford,WAT
Etienne,Capoue,0,1,23,892,26,1,0,2,1,0.3,48,373,18,Capoue,3.2,4.8,MID,Watford,WAT
Nathaniel,Chalobah,0,0,7,247,5,0,0,0,0,0.2,44,374,18,Chalobah,0.2,4.4,MID,Watford,WAT
Domingos,Quina,0,0,2,11,1,0,0,0,0,0.1,44,375,18,Quina,0.2,4.4,MID,Watford,WAT
Craig,Dawson,0,0,20,1068,23,2,0,3,0,0.2,48,439,18,Dawson,1.8,4.8,DEF,Watford,WAT
Danny,Welbeck,0,0,7,208,2,1,0,0,0,0.1,58,512,18,Welbeck,0.0,5.8,FWD,Watford,WAT
Heurelho da Silva,Gomes,0,0,0,0,0,0,0,0,0,0.2,44,513,18,Gomes,0.0,4.4,GKP,Watford,WAT
Ismaïla,Sarr,1,0,16,369,10,0,0,0,0,0.1,62,525,18,Sarr,2.5,6.2,MID,Watford,WAT
Dimitri,Foulquier,0,0,1,57,6,0,0,0,0,0.2,40,542,18,Foulquier,0.2,4.0,DEF,Watford,WAT
Ayotomiwa,Dele-Bashiru,0,0,0,0,0,0,0,0,0,0.0,45,563,18,Dele-Bashiru,0.0,4.5,MID,Watford,WAT
Aaron,Cresswell,3,0,41,893,20,2,0,3,5,1.5,47,376,19,Cresswell,4.0,4.7,DEF,West Ham,WHU
Angelo,Ogbonna,1,0,37,990,13,4,0,2,0,0.4,45,377,19,Ogbonna,3.5,4.5,DEF,West Ham,WHU
Arthur,Masuaku,0,1,20,433,4,2,1,1,3,0.5,43,378,19,Masuaku,0.2,4.3,DEF,West Ham,WHU
Pablo,Zabaleta,0,0,6,198,5,0,0,0,0,0.5,43,379,19,Zabaleta,0.0,4.3,DEF,West Ham,WHU
Ryan,Fredericks,0,1,36,1177,21,4,0,4,2,0.8,45,380,19,Fredericks,1.8,4.5,DEF,West Ham,WHU
Issa,Diop,0,0,27,1143,23,3,0,5,2,2.9,45,381,19,Diop,0.2,4.5,DEF,West Ham,WHU
Fabián,Balbuena,1,0,17,541,14,1,0,2,1,0.3,43,382,19,Balbuena,2.2,4.3,DEF,West Ham,WHU
Winston,Reid,0,0,0,0,0,0,0,0,0,4.2,39,383,19,Reid,0.0,3.9,DEF,West Ham,WHU
Ben,Johnson,0,0,0,0,0,0,0,0,0,1.4,40,384,19,Johnson,0.0,4.0,DEF,West Ham,WHU
Marko,Arnautovic,0,0,0,0,0,0,0,0,0,0.1,70,385,19,Arnautovic,0.0,7.0,FWD,West Ham,WHU
Javier,Hernández Balcázar,1,0,9,106,4,0,0,0,2,0.4,60,386,19,Chicharito,0.0,6.0,FWD,West Ham,WHU
Alexandre Nascimento,Costa Silva,0,0,0,0,0,0,0,0,0,1.0,44,387,19,Xande Silva,0.0,4.4,FWD,West Ham,WHU
Lukasz,Fabianski,0,0,32,573,8,3,0,0,4,2.2,49,388,19,Fabianski,0.0,4.9,GKP,West Ham,WHU
Michail,Antonio,1,1,15,245,3,1,0,0,0,0.7,69,389,19,Antonio,2.2,6.9,MID,West Ham,WHU
Felipe Anderson,Pereira Gomes,0,3,38,1006,18,5,0,1,0,3.2,67,390,19,Felipe Anderson,1.8,6.7,MID,West Ham,WHU
Manuel,Lanzini,0,3,32,730,12,2,0,0,3,0.8,62,391,19,Lanzini,0.2,6.2,MID,West Ham,WHU
Andriy,Yarmolenko,3,1,48,805,14,3,0,2,8,2.3,57,392,19,Yarmolenko,1.0,5.7,MID,West Ham,WHU
Robert,Snodgrass,2,1,33,650,15,1,0,2,4,0.4,52,393,19,Snodgrass,2.8,5.2,MID,West Ham,WHU
Jack,Wilshere,0,0,6,174,4,0,0,0,0,0.2,47,394,19,Wilshere,0.0,4.7,MID,West Ham,WHU
Declan,Rice,0,0,31,1350,25,4,0,3,0,1.5,47,395,19,Rice,2.0,4.7,MID,West Ham,WHU
Mark,Noble,1,2,39,982,14,4,0,2,2,0.6,50,396,19,Noble,2.8,5.0,MID,West Ham,WHU
Carlos,Sánchez,0,0,4,40,0,0,0,0,0,0.3,44,397,19,Carlos Sánchez,0.2,4.4,MID,West Ham,WHU
Grady,Diangana,0,0,0,0,0,0,0,0,0,0.1,44,398,19,Diangana,0.0,4.4,MID,West Ham,WHU
Pablo,Fornals,0,1,25,684,14,2,0,1,0,0.3,60,399,19,Fornals,2.5,6.0,MID,West Ham,WHU
Pedro,Obiang,0,0,0,0,0,0,0,0,0,0.0,45,400,19,Obiang,0.0,4.5,MID,West Ham,WHU
Roberto,Jimenez Gago,0,0,17,596,15,0,0,0,1,0.6,44,450,19,Roberto,1.0,4.4,GKP,West Ham,WHU
Sébastien,Haller,4,2,53,1173,23,3,0,1,5,2.7,71,457,19,Haller,1.8,7.1,FWD,West Ham,WHU
Albian,Ajeti,0,0,5,101,3,0,0,0,0,0.0,58,514,19,Ajeti,0.5,5.8,FWD,West Ham,WHU
David,Martin,0,0,12,180,2,1,0,0,2,1.0,40,553,19,Martin,3.0,4.0,GKP,West Ham,WHU
Nathan,Holland,0,0,1,19,1,0,0,0,0,0.0,45,568,19,Holland,1.0,4.5,MID,West Ham,WHU
Matt,Doherty,2,2,58,977,10,3,0,0,5,3.7,60,401,20,Doherty,5.0,6.0,DEF,Wolves,WOL
Jonathan,Castro Otto,1,0,41,1179,14,3,0,2,0,1.0,54,402,20,Jonny,2.8,5.4,DEF,Wolves,WOL
Conor,Coady,0,0,43,1350,17,4,0,2,2,1.5,50,403,20,Coady,3.2,5.0,DEF,Wolves,WOL
Ryan,Bennett,0,0,18,459,6,2,0,2,0,0.3,49,404,20,Bennett,0.5,4.9,DEF,Wolves,WOL
Willy,Boly,0,1,34,720,7,3,1,0,7,2.6,48,405,20,Boly,0.0,4.8,DEF,Wolves,WOL
Rúben Gonçalo,Silva Nascimento Vinagre,0,0,9,189,3,1,0,1,0,0.2,43,406,20,Vinagre,0.2,4.3,DEF,Wolves,WOL
Romain,Saïss,1,1,26,781,12,2,1,5,1,0.4,44,407,20,Saïss,2.0,4.4,DEF,Wolves,WOL
Max,Kilman,0,0,2,90,1,0,0,0,0,2.3,40,408,20,Kilman,0.5,4.0,DEF,Wolves,WOL
Raúl,Jiménez,6,3,75,1295,15,5,0,2,14,22.2,77,409,20,Jiménez,5.8,7.7,FWD,Wolves,WOL
Diogo,Jota,1,1,31,970,13,3,0,3,3,3.1,61,410,20,Jota,2.2,6.1,FWD,Wolves,WOL
Rui Pedro,dos Santos Patrício,0,0,61,1350,17,4,0,0,4,11.9,52,411,20,Patrício,3.8,5.2,GKP,Wolves,WOL
John,Ruddy,0,0,0,0,0,0,0,0,0,0.4,44,412,20,Ruddy,0.0,4.4,GKP,Wolves,WOL
Will,Norris,0,0,0,0,0,0,0,0,0,0.6,40,413,20,Norris,0.0,4.0,GKP,Wolves,WOL
Rúben Diogo,da Silva Neves,2,0,41,1139,14,4,0,4,4,5.4,53,414,20,Neves,4.5,5.3,MID,Wolves,WOL
João Filipe Iria,Santos Moutinho,1,4,56,1259,15,4,0,2,9,5.1,53,415,20,Moutinho,6.0,5.3,MID,Wolves,WOL
Morgan,Gibbs-White,0,1,7,119,2,0,0,0,0,0.1,47,416,20,Gibbs-White,0.0,4.7,MID,Wolves,WOL
Adama,Traoré,2,3,53,1098,14,3,0,0,6,4.9,52,417,20,Traoré,3.8,5.2,MID,Wolves,WOL
Hélder,Costa,0,0,0,0,0,0,0,0,0,0.0,49,418,20,Costa,0.0,4.9,MID,Wolves,WOL
Ivan,Cavaleiro,0,0,0,0,0,0,0,0,0,0.0,49,419,20,Cavaleiro,0.0,4.9,MID,Wolves,WOL
Leander,Dendoncker,1,0,37,1220,14,4,0,1,3,9.5,44,420,20,Dendoncker,4.0,4.4,MID,Wolves,WOL
Jesús,Vallejo Lázaro,0,0,1,162,6,0,0,1,0,0.3,47,473,20,Vallejo,0.0,4.7,DEF,Wolves,WOL
Patrick,Cutrone,2,0,21,286,6,1,0,0,0,0.6,56,487,20,Cutrone,1.5,5.6,FWD,Wolves,WOL
Pedro,Lomba Neto,0,2,14,160,1,0,0,1,0,0.0,50,528,20,Neto,1.2,5.0,MID,Wolves,WOL
Bernard,Ashley-Seal,0,0,0,0,0,0,0,0,0,0.0,45,559,20,Ashley-Seal,0.0,4.5,FWD,Wolves,WOL
Taylor,Perry,0,0,0,0,0,0,0,0,0,0.0,45,560,20,Perry,0.0,4.5,MID,Wolves,WOL
Owen,Otasowie,0,0,0,0,0,0,0,0,0,0.0,45,566,20,Otasowie,0.0,4.5,MID,Wolves,WOL
Luke,Cundle,0,0,0,0,0,0,0,0,0,0.0,45,567,20,Cundle,0.0,4.5,MID,Wolves,WOL
